algorithm,func_id,dim,run_id,error_val
PSO,1,10,1,1016.5427804098917
PSO,1,10,2,844.1590539353506
PSO,1,10,3,5554.813229640497
PSO,1,10,4,1604915019.8254013
PSO,1,10,5,5696.836286024914
PSO,1,10,6,1210.98310303685
PSO,1,10,7,3316.3505824137565
PSO,1,10,8,5010.753259980098
PSO,1,10,9,171.66996600019047
PSO,1,10,10,6214.770917901962
PSO,1,10,11,5764.085878649887
PSO,1,10,12,969.562950599161
PSO,1,10,13,1350242692.5614488
PSO,1,10,14,5757.25280620171
PSO,1,10,15,1806716580.1235924
PSO,1,10,16,4664.6941715413805
PSO,1,10,17,70057932.82092048
PSO,1,10,18,1604909432.928854
PSO,1,10,19,1104.0407690558714
PSO,1,10,20,5726.169329660643
PSO,1,10,21,605.8125270159758
PSO,1,10,22,7290.713374649785
PSO,1,10,23,6950.858084319502
PSO,1,10,24,1135066257.2415187
PSO,1,10,25,10083.3448623428
PSO,1,10,26,1736664192.6382165
PSO,1,10,27,5681.658302019021
PSO,1,10,28,2490.9190517675797
PSO,1,10,29,12973.772965525757
PSO,1,10,30,1135061811.1957054
PSO,3,10,1,5.996882880749126
PSO,3,10,2,0.12832038978649507
PSO,3,10,3,63.448267472938255
PSO,3,10,4,9.215499023335042
PSO,3,10,5,9.215523751392709
PSO,3,10,6,9.215883537999787
PSO,3,10,7,9.21717420720421
PSO,3,10,8,8.656213526206216
PSO,3,10,9,69.41132815395201
PSO,3,10,10,67.56346407839902
PSO,3,10,11,9.215536477941725
PSO,3,10,12,5.000145047111062
PSO,3,10,13,9.215520141923378
PSO,3,10,14,0.7934783010138062
PSO,3,10,15,5.241060380695046
PSO,3,10,16,0.7806113551051794
PSO,3,10,17,4.45431817736204
PSO,3,10,18,9.215532034764863
PSO,3,10,19,21.40232733892327
PSO,3,10,20,9.215496381390778
PSO,3,10,21,0.3384081403872301
PSO,3,10,22,7.329879928385594
PSO,3,10,23,9.216550018753821
PSO,3,10,24,5.000900205431719
PSO,3,10,25,9.219519585044111
PSO,3,10,26,4.189131070564201
PSO,3,10,27,32.593814739838535
PSO,3,10,28,9.215490270379746
PSO,3,10,29,9.21554857433091
PSO,3,10,30,9.215793367355559
PSO,4,10,1,865.5104590211113
PSO,4,10,2,26.80937782224032
PSO,4,10,3,32.1336501148557
PSO,4,10,4,35.97378628472035
PSO,4,10,5,65.88816978720791
PSO,4,10,6,523.031716283928
PSO,4,10,7,36.323018268090436
PSO,4,10,8,40.89237672370945
PSO,4,10,9,66.28872090459697
PSO,4,10,10,37.485594152297324
PSO,4,10,11,22.16082393533179
PSO,4,10,12,33.75233873091861
PSO,4,10,13,42.09132572045962
PSO,4,10,14,35.98159787889227
PSO,4,10,15,27.811937187994488
PSO,4,10,16,24.14740832654968
PSO,4,10,17,523.380599689287
PSO,4,10,18,526.5277814487237
PSO,4,10,19,870.2591882425133
PSO,4,10,20,22.957448476890022
PSO,4,10,21,536.0764173394532
PSO,4,10,22,11.423973231327182
PSO,4,10,23,556.4318145063417
PSO,4,10,24,34.311613910833444
PSO,4,10,25,40.15231654533551
PSO,4,10,26,18.0408403920797
PSO,4,10,27,32.43376276564857
PSO,4,10,28,41.20959243580393
PSO,4,10,29,529.5821589016253
PSO,4,10,30,2318.89690680228
PSO,10,10,1,365.8390423453634
PSO,10,10,2,9238.13580075281
PSO,10,10,3,561.5988002871227
PSO,10,10,4,162.95419638822568
PSO,10,10,5,226.9042313366681
PSO,10,10,6,513.6095758482295
PSO,10,10,7,96.52409677230298
PSO,10,10,8,1106.7458247111163
PSO,10,10,9,3415.2622972172094
PSO,10,10,10,1532.319506059975
PSO,10,10,11,405.7762979335753
PSO,10,10,12,126.38499973334092
PSO,10,10,13,305.6034647249494
PSO,10,10,14,707.6362661289418
PSO,10,10,15,223.5341370082392
PSO,10,10,16,1645.7600448130001
PSO,10,10,17,438.6637634085164
PSO,10,10,18,9157.593342396447
PSO,10,10,19,175.09288667353076
PSO,10,10,20,2647.132456168709
PSO,10,10,21,98.93048682005747
PSO,10,10,22,660.8938526172003
PSO,10,10,23,953.5985271746845
PSO,10,10,24,255.28689691586396
PSO,10,10,25,1057.022124493058
PSO,10,10,26,148.16348457574077
PSO,10,10,27,63.9863806776757
PSO,10,10,28,3039.9455922100174
PSO,10,10,29,45.89460289079034
PSO,10,10,30,683.444390769856
PSO,11,10,1,27772.317021018618
PSO,11,10,2,31509.39227226631
PSO,11,10,3,25525.929245102914
PSO,11,10,4,8870.748817681082
PSO,11,10,5,28827.314515228893
PSO,11,10,6,24735.937311721344
PSO,11,10,7,11678504.660776034
PSO,11,10,8,10159.10462984492
PSO,11,10,9,28770.75196089798
PSO,11,10,10,43491.982312781845
PSO,11,10,11,32728.714550117147
PSO,11,10,12,34888.95357691443
PSO,11,10,13,8043.708069289187
PSO,11,10,14,47863.04185688836
PSO,11,10,15,37046.500549818855
PSO,11,10,16,9277.56438751294
PSO,11,10,17,23537.860646982324
PSO,11,10,18,40252.5445333617
PSO,11,10,19,7135.952281182192
PSO,11,10,20,57155180.32105183
PSO,11,10,21,30493.76840886798
PSO,11,10,22,7166.227688656694
PSO,11,10,23,33046.33741619915
PSO,11,10,24,27205.50615337069
PSO,11,10,25,9278.522403346586
PSO,11,10,26,14205.660332905376
PSO,11,10,27,11403.396972981329
PSO,11,10,28,34111.69700566798
PSO,11,10,29,3078.4754122583836
PSO,11,10,30,28057.12162583518
PSO,15,10,1,781.4845557369572
PSO,15,10,2,86.91228926772897
PSO,15,10,3,53.03374863925501
PSO,15,10,4,924.7255993038843
PSO,15,10,5,816.2320879915796
PSO,15,10,6,1902.9727506378886
PSO,15,10,7,22.887170335620112
PSO,15,10,8,274.1700016162854
PSO,15,10,9,7199.736442605654
PSO,15,10,10,223.55498407495202
PSO,15,10,11,47526.21192504073
PSO,15,10,12,463.65203160572537
PSO,15,10,13,456.0259926658089
PSO,15,10,14,474.9120371057372
PSO,15,10,15,968.1760729715515
PSO,15,10,16,155.23811597990994
PSO,15,10,17,1305.9787100168187
PSO,15,10,18,763.9460964676596
PSO,15,10,19,524.8425437162969
PSO,15,10,20,13065.94204678682
PSO,15,10,21,3832.3012780980243
PSO,15,10,22,347.2091193562319
PSO,15,10,23,444.6505538353613
PSO,15,10,24,-137.46093530971893
PSO,15,10,25,3.002625206017683
PSO,15,10,26,-97.85551229314433
PSO,15,10,27,54.425279792804076
PSO,15,10,28,5.05569994197981
PSO,15,10,29,585.4600299329036
PSO,15,10,30,47709.28493634231
PSO,20,10,1,704.6813183504246
PSO,20,10,2,584.9769458594828
PSO,20,10,3,585.0161081888718
PSO,20,10,4,584.8037625715419
PSO,20,10,5,235.77313859294782
PSO,20,10,6,239.81691853260827
PSO,20,10,7,584.811115066529
PSO,20,10,8,438.2678910283307
PSO,20,10,9,100.74943203862767
PSO,20,10,10,219.23313563963802
PSO,20,10,11,584.5394234306077
PSO,20,10,12,438.2706138454987
PSO,20,10,13,575.2821933224564
PSO,20,10,14,805.9293290054238
PSO,20,10,15,438.63286197960133
PSO,20,10,16,230.38834724101662
PSO,20,10,17,584.9887931709063
PSO,20,10,18,220.7015448889333
PSO,20,10,19,438.4446334266763
PSO,20,10,20,438.304599611552
PSO,20,10,21,100.47799049286505
PSO,20,10,22,100.95309285916437
PSO,20,10,23,667.7683517080818
PSO,20,10,24,438.21450192102384
PSO,20,10,25,852.2936036037304
PSO,20,10,26,100.11328581467205
PSO,20,10,27,667.9325027661962
PSO,20,10,28,584.8249988906414
PSO,20,10,29,101.45412719350998
PSO,20,10,30,219.20928065218277
PSO,21,10,1,102.78006963836151
PSO,21,10,2,106.24493692994702
PSO,21,10,3,125.24565629492054
PSO,21,10,4,108.02584508013751
PSO,21,10,5,103.32424915126876
PSO,21,10,6,107.4654374866368
PSO,21,10,7,110.13445147835955
PSO,21,10,8,122.5771929077091
PSO,21,10,9,105.3631118799135
PSO,21,10,10,107.73003264693034
PSO,21,10,11,113.97429444528416
PSO,21,10,12,124.08482283652756
PSO,21,10,13,108.15830203528049
PSO,21,10,14,103.16314139222868
PSO,21,10,15,104.100842134495
PSO,21,10,16,107.01295489067343
PSO,21,10,17,-1124.2691046186294
PSO,21,10,18,123.19743574195354
PSO,21,10,19,107.52357468284208
PSO,21,10,20,110.36727841968786
PSO,21,10,21,128.0540766368913
PSO,21,10,22,107.92698868582875
PSO,21,10,23,119.1584565246585
PSO,21,10,24,107.62019983924438
PSO,21,10,25,108.35787364484395
PSO,21,10,26,107.14591364215676
PSO,21,10,27,117.03058256498798
PSO,21,10,28,108.35170988918617
PSO,21,10,29,104.94924841906186
PSO,21,10,30,111.44836389558304
PSO,25,10,1,498.56496405665985
PSO,25,10,2,457.4476899738297
PSO,25,10,3,534.6734871187655
PSO,25,10,4,514.9932753875314
PSO,25,10,5,454.3299430913589
PSO,25,10,6,494.61671847720663
PSO,25,10,7,480.6149827864865
PSO,25,10,8,471.9551444556623
PSO,25,10,9,456.4458171097176
PSO,25,10,10,545.0842197809948
PSO,25,10,11,547.4539590405052
PSO,25,10,12,454.8039510107542
PSO,25,10,13,504.19498309684377
PSO,25,10,14,494.62605502019596
PSO,25,10,15,505.5312543080149
PSO,25,10,16,448.4903830437511
PSO,25,10,17,457.6622312476279
PSO,25,10,18,496.35665364591387
PSO,25,10,19,491.46835846013573
PSO,25,10,20,489.5108085408383
PSO,25,10,21,0.03866004072506257
PSO,25,10,22,534.6734871187655
PSO,25,10,23,455.19778004366253
PSO,25,10,24,543.8746529064788
PSO,25,10,25,548.6944143393566
PSO,25,10,26,499.7134771343076
PSO,25,10,27,447.11674652136435
PSO,25,10,28,456.7745979970873
PSO,25,10,29,534.6734871187655
PSO,25,10,30,491.9947232208456
PSO,29,10,1,
PSO,29,10,2,
PSO,29,10,3,
PSO,29,10,4,
PSO,29,10,5,
PSO,29,10,6,
PSO,29,10,7,
PSO,29,10,8,
PSO,29,10,9,
PSO,29,10,10,
PSO,29,10,11,
PSO,29,10,12,
PSO,29,10,13,
PSO,29,10,14,
PSO,29,10,15,
PSO,29,10,16,
PSO,29,10,17,
PSO,29,10,18,
PSO,29,10,19,
PSO,29,10,20,
PSO,29,10,21,
PSO,29,10,22,
PSO,29,10,23,
PSO,29,10,24,
PSO,29,10,25,
PSO,29,10,26,
PSO,29,10,27,
PSO,29,10,28,
PSO,29,10,29,
PSO,29,10,30,
ABC,1,10,1,1170192.6846945107
ABC,1,10,2,449891.4479434138
ABC,1,10,3,1716807.1688464342
ABC,1,10,4,5113143.94411824
ABC,1,10,5,9272555.642636035
ABC,1,10,6,12842654.808600072
ABC,1,10,7,1285040.3695601362
ABC,1,10,8,1674776.6700041061
ABC,1,10,9,860689.5451848275
ABC,1,10,10,13982046.615150338
ABC,1,10,11,32754829.40693034
ABC,1,10,12,437224.730692694
ABC,1,10,13,17640269.55599398
ABC,1,10,14,201568.75068515306
ABC,1,10,15,1979653.442784958
ABC,1,10,16,339436.67495839286
ABC,1,10,17,543025.8693425754
ABC,1,10,18,5244965.824151826
ABC,1,10,19,12754998.66902719
ABC,1,10,20,358541.5069626317
ABC,1,10,21,137184.02324214822
ABC,1,10,22,828730.5492009629
ABC,1,10,23,2831928.9552513952
ABC,1,10,24,1376903.34116666
ABC,1,10,25,82317.7945849643
ABC,1,10,26,11033386.000226462
ABC,1,10,27,79607.30213804927
ABC,1,10,28,8609958.877524516
ABC,1,10,29,807321.5768943765
ABC,1,10,30,367403.5372038241
ABC,3,10,1,20.7981232373632
ABC,3,10,2,30.10313778544122
ABC,3,10,3,28.963575236613224
ABC,3,10,4,30.358460217786387
ABC,3,10,5,50.67680630981175
ABC,3,10,6,31.53398400605738
ABC,3,10,7,14.730874664495389
ABC,3,10,8,12.814586437936953
ABC,3,10,9,11.536608684619182
ABC,3,10,10,30.798411367222684
ABC,3,10,11,10.28592880021506
ABC,3,10,12,24.645026369007326
ABC,3,10,13,10.96175763724807
ABC,3,10,14,39.89268740720547
ABC,3,10,15,27.20513165470959
ABC,3,10,16,3.814522818633634
ABC,3,10,17,8.431404645616965
ABC,3,10,18,19.757854015942655
ABC,3,10,19,9.692811601500352
ABC,3,10,20,10.918589466066635
ABC,3,10,21,48.74501560700571
ABC,3,10,22,34.19828327796142
ABC,3,10,23,30.155454759751933
ABC,3,10,24,8.248842053850751
ABC,3,10,25,18.172028223994232
ABC,3,10,26,3.6486128740084496
ABC,3,10,27,62.350243745009834
ABC,3,10,28,11.394662186579808
ABC,3,10,29,5.147362162765205
ABC,3,10,30,12.520063180125646
ABC,4,10,1,77.30076375546378
ABC,4,10,2,78.86357177236607
ABC,4,10,3,33.57908730042669
ABC,4,10,4,47.61115251660772
ABC,4,10,5,44.865001815040955
ABC,4,10,6,26.658544816624612
ABC,4,10,7,39.58185534515792
ABC,4,10,8,21.009774837340956
ABC,4,10,9,32.18050560977497
ABC,4,10,10,43.04478358708741
ABC,4,10,11,24.390329780198897
ABC,4,10,12,49.54724955092672
ABC,4,10,13,36.29073651621735
ABC,4,10,14,26.384829320141023
ABC,4,10,15,25.909987132582273
ABC,4,10,16,50.4714749406553
ABC,4,10,17,61.46538667682768
ABC,4,10,18,64.59695374896637
ABC,4,10,19,40.191104557439076
ABC,4,10,20,51.90313325384972
ABC,4,10,21,42.81865782355425
ABC,4,10,22,61.742974961739435
ABC,4,10,23,64.79728141465341
ABC,4,10,24,33.839880136094166
ABC,4,10,25,62.76167053810707
ABC,4,10,26,36.74189138271669
ABC,4,10,27,39.5319489758287
ABC,4,10,28,32.96895021067343
ABC,4,10,29,65.42802112449169
ABC,4,10,30,28.57802381271256
ABC,10,10,1,6670.065046658114
ABC,10,10,2,9111.411726355716
ABC,10,10,3,23009.711777948818
ABC,10,10,4,5347.043728729663
ABC,10,10,5,2919.208665715569
ABC,10,10,6,2218.7058997962117
ABC,10,10,7,2344.6929106656326
ABC,10,10,8,8255.722748817596
ABC,10,10,9,4305.508150565943
ABC,10,10,10,10345.137077280333
ABC,10,10,11,449.04460581775857
ABC,10,10,12,11965.377539209421
ABC,10,10,13,5030.271504808129
ABC,10,10,14,4622.272281908608
ABC,10,10,15,8637.277771189503
ABC,10,10,16,831.361547527347
ABC,10,10,17,1203.9056128825814
ABC,10,10,18,9115.525582831699
ABC,10,10,19,148.87625706998278
ABC,10,10,20,3063.870709187306
ABC,10,10,21,1772.5249948745259
ABC,10,10,22,516.6822620446533
ABC,10,10,23,7666.604837336738
ABC,10,10,24,2613.5949723950125
ABC,10,10,25,15642.730171834159
ABC,10,10,26,8534.132064532667
ABC,10,10,27,614.7894625343388
ABC,10,10,28,10779.142953492967
ABC,10,10,29,2862.5669175933012
ABC,10,10,30,4935.873318520127
ABC,11,10,1,312445.5482167989
ABC,11,10,2,230834.5843442131
ABC,11,10,3,445980.50889917405
ABC,11,10,4,801390.6195462212
ABC,11,10,5,100461.17903128266
ABC,11,10,6,66413.41940915854
ABC,11,10,7,141851.67641623918
ABC,11,10,8,434955.1536420806
ABC,11,10,9,137255.6248022784
ABC,11,10,10,427289.5923169091
ABC,11,10,11,805420.7479709998
ABC,11,10,12,58923.6977357732
ABC,11,10,13,172598.2135284904
ABC,11,10,14,427253.7419143071
ABC,11,10,15,56575.46109144915
ABC,11,10,16,32149.89088539785
ABC,11,10,17,341320.331408791
ABC,11,10,18,66622.01948810784
ABC,11,10,19,95397.1531185545
ABC,11,10,20,3239377.174956656
ABC,11,10,21,218455.0030493484
ABC,11,10,22,106454.96186169787
ABC,11,10,23,102596.53759982543
ABC,11,10,24,40814.19544883682
ABC,11,10,25,72499.17297670223
ABC,11,10,26,15250.60593358677
ABC,11,10,27,70994.68241359828
ABC,11,10,28,132942.4036789028
ABC,11,10,29,89274.24245061835
ABC,11,10,30,9984.971858642199
ABC,15,10,1,6860.6136812739605
ABC,15,10,2,3102.806205860572
ABC,15,10,3,313.1270692660214
ABC,15,10,4,-35.68247619868407
ABC,15,10,5,1710.449370764677
ABC,15,10,6,972.9830669604671
ABC,15,10,7,14103.215164536174
ABC,15,10,8,412.5568131319319
ABC,15,10,9,750.5018404039656
ABC,15,10,10,2920.279223187772
ABC,15,10,11,2837.1688031552276
ABC,15,10,12,7610.99698137405
ABC,15,10,13,-102.24325704917783
ABC,15,10,14,2510.3268601040018
ABC,15,10,15,436.1185717502042
ABC,15,10,16,673.2588029439812
ABC,15,10,17,2111.6238007179627
ABC,15,10,18,35581.87560610412
ABC,15,10,19,95.59319704423797
ABC,15,10,20,147.17561968907876
ABC,15,10,21,3298.160411893282
ABC,15,10,22,354.7116075945496
ABC,15,10,23,290.8393089809731
ABC,15,10,24,12066.338788913685
ABC,15,10,25,4218.311821256686
ABC,15,10,26,87745.43407720955
ABC,15,10,27,4488.441481647265
ABC,15,10,28,244.9199296185086
ABC,15,10,29,2498.937790492847
ABC,15,10,30,80.1142896078918
ABC,20,10,1,356.9932475769383
ABC,20,10,2,247.49096081159087
ABC,20,10,3,318.56777906613706
ABC,20,10,4,260.31917672640657
ABC,20,10,5,261.66030434449476
ABC,20,10,6,297.9564234885861
ABC,20,10,7,302.18487546277674
ABC,20,10,8,265.2063522828548
ABC,20,10,9,273.4997828907749
ABC,20,10,10,254.432814197065
ABC,20,10,11,235.96245982167466
ABC,20,10,12,345.9255899071013
ABC,20,10,13,199.41398567537408
ABC,20,10,14,328.7565792642117
ABC,20,10,15,362.0921313880308
ABC,20,10,16,244.379828884998
ABC,20,10,17,376.35538866294337
ABC,20,10,18,362.15954427117185
ABC,20,10,19,303.86332621431757
ABC,20,10,20,353.7572687229531
ABC,20,10,21,196.56179765629486
ABC,20,10,22,313.34731189567947
ABC,20,10,23,399.5728450101269
ABC,20,10,24,358.69916624988355
ABC,20,10,25,337.25937839597236
ABC,20,10,26,171.08826042077726
ABC,20,10,27,286.70748393429403
ABC,20,10,28,400.2072451134768
ABC,20,10,29,264.1955204323326
ABC,20,10,30,287.61633940762067
ABC,21,10,1,-3809.8849366801105
ABC,21,10,2,-3907.5605565823266
ABC,21,10,3,-2751.222223268146
ABC,21,10,4,-3423.095890997937
ABC,21,10,5,-3582.9733167429104
ABC,21,10,6,-4073.282662951777
ABC,21,10,7,-3583.981776971017
ABC,21,10,8,-3852.5819197089468
ABC,21,10,9,-3367.6688344905474
ABC,21,10,10,-2110.164314350767
ABC,21,10,11,-4031.2174977823565
ABC,21,10,12,-4234.394982195387
ABC,21,10,13,-2011.8846436217123
ABC,21,10,14,-3869.753705309587
ABC,21,10,15,-3610.952025288319
ABC,21,10,16,-3715.0422770132272
ABC,21,10,17,-3557.9661806786635
ABC,21,10,18,-4007.276612105243
ABC,21,10,19,-4372.271455149807
ABC,21,10,20,-4024.4606342387165
ABC,21,10,21,-2919.8174231122116
ABC,21,10,22,-3916.947217852198
ABC,21,10,23,-3826.959819751481
ABC,21,10,24,-3175.787946635685
ABC,21,10,25,-3305.450329466056
ABC,21,10,26,-3836.5068605010306
ABC,21,10,27,-3167.7513639382446
ABC,21,10,28,-3610.4470916754194
ABC,21,10,29,-3843.5204014432406
ABC,21,10,30,-3584.429472779754
ABC,25,10,1,495.34068098970556
ABC,25,10,2,462.5710156473997
ABC,25,10,3,483.99597616431174
ABC,25,10,4,330.68220328631696
ABC,25,10,5,478.8177842493792
ABC,25,10,6,480.90618588917005
ABC,25,10,7,127.62397066042877
ABC,25,10,8,481.7726316635885
ABC,25,10,9,476.70868560915005
ABC,25,10,10,116.66472730065652
ABC,25,10,11,487.4531069636846
ABC,25,10,12,19.072176384067916
ABC,25,10,13,479.04555930354127
ABC,25,10,14,478.3073706109326
ABC,25,10,15,102.28389631735172
ABC,25,10,16,484.91154399371044
ABC,25,10,17,459.3596134402619
ABC,25,10,18,480.7746821587275
ABC,25,10,19,467.43517490522936
ABC,25,10,20,486.9569298510223
ABC,25,10,21,469.3874520484642
ABC,25,10,22,457.4372194054181
ABC,25,10,23,144.1182671741476
ABC,25,10,24,509.28816102561404
ABC,25,10,25,203.2432907506909
ABC,25,10,26,486.8823807231702
ABC,25,10,27,349.2217183613966
ABC,25,10,28,475.51480770381886
ABC,25,10,29,313.66163882213004
ABC,25,10,30,471.9427132015171
ABC,29,10,1,
ABC,29,10,2,
ABC,29,10,3,
ABC,29,10,4,
ABC,29,10,5,
ABC,29,10,6,
ABC,29,10,7,
ABC,29,10,8,
ABC,29,10,9,
ABC,29,10,10,
ABC,29,10,11,
ABC,29,10,12,
ABC,29,10,13,
ABC,29,10,14,
ABC,29,10,15,
ABC,29,10,16,
ABC,29,10,17,
ABC,29,10,18,
ABC,29,10,19,
ABC,29,10,20,
ABC,29,10,21,
ABC,29,10,22,
ABC,29,10,23,
ABC,29,10,24,
ABC,29,10,25,
ABC,29,10,26,
ABC,29,10,27,
ABC,29,10,28,
ABC,29,10,29,
ABC,29,10,30,
GA,1,10,1,12791775.725497372
GA,1,10,2,7823918.286026027
GA,1,10,3,6193626.1944805365
GA,1,10,4,8357761.095930161
GA,1,10,5,2011471.2889056979
GA,1,10,6,9445300.810145678
GA,1,10,7,5558167.095395549
GA,1,10,8,2849406.487031501
GA,1,10,9,2622341.549135011
GA,1,10,10,7805773.041502564
GA,1,10,11,2828051.9877639646
GA,1,10,12,3905896.250498093
GA,1,10,13,1292042.595353908
GA,1,10,14,7013165.999190364
GA,1,10,15,3766584.6080400418
GA,1,10,16,373815.2897054409
GA,1,10,17,9562629.155868882
GA,1,10,18,4608513.462641894
GA,1,10,19,3110044.7372448635
GA,1,10,20,1116418.3640972243
GA,1,10,21,5551970.174964756
GA,1,10,22,4776828.023163732
GA,1,10,23,4249128.485613854
GA,1,10,24,6895196.872548795
GA,1,10,25,11652419.744569309
GA,1,10,26,11627966.3899917
GA,1,10,27,4465160.664914217
GA,1,10,28,2022211.3932953498
GA,1,10,29,5255849.189141514
GA,1,10,30,2253284.300584705
GA,3,10,1,139.38042194563604
GA,3,10,2,3.1661171703914306
GA,3,10,3,76.74246239169997
GA,3,10,4,12.619985569985829
GA,3,10,5,27.6341683601442
GA,3,10,6,6.861055170969223
GA,3,10,7,8.365131118638033
GA,3,10,8,20.524735430948397
GA,3,10,9,136.60109603777937
GA,3,10,10,6.257911971986118
GA,3,10,11,113.59559312429133
GA,3,10,12,1.6698120077471117
GA,3,10,13,10.152550627255096
GA,3,10,14,68.00621804602747
GA,3,10,15,8.733227989583213
GA,3,10,16,4.393311470238871
GA,3,10,17,7.971158094565908
GA,3,10,18,1.9046012518470548
GA,3,10,19,3.88767597218299
GA,3,10,20,19.11110693255864
GA,3,10,21,105.59991889066185
GA,3,10,22,9.615027855832011
GA,3,10,23,63.753179280597806
GA,3,10,24,10.278090394119715
GA,3,10,25,4.329784158537507
GA,3,10,26,97.16914803849534
GA,3,10,27,69.17812461023954
GA,3,10,28,69.27643714956537
GA,3,10,29,20.531620712738402
GA,3,10,30,9.255027095785863
GA,4,10,1,41.818899629788575
GA,4,10,2,70.00698163976745
GA,4,10,3,53.997769953522834
GA,4,10,4,60.65187997803247
GA,4,10,5,64.1979038833058
GA,4,10,6,49.45088072118085
GA,4,10,7,59.33273776813428
GA,4,10,8,96.43983534744177
GA,4,10,9,47.7007153635131
GA,4,10,10,59.099740363926685
GA,4,10,11,71.65510748373805
GA,4,10,12,70.15084410944155
GA,4,10,13,67.54090120495994
GA,4,10,14,59.75231547501215
GA,4,10,15,65.08719711225717
GA,4,10,16,41.90670015411558
GA,4,10,17,52.95946062195043
GA,4,10,18,63.58651017500051
GA,4,10,19,77.6958701298143
GA,4,10,20,41.135346572858225
GA,4,10,21,58.87060071670027
GA,4,10,22,75.73428293751039
GA,4,10,23,78.7250502267512
GA,4,10,24,60.051650349129886
GA,4,10,25,83.82544425186273
GA,4,10,26,28.89214827049335
GA,4,10,27,65.8764775869812
GA,4,10,28,70.23511479689273
GA,4,10,29,80.12494420189319
GA,4,10,30,29.69556125920775
GA,10,10,1,4847.749086780984
GA,10,10,2,10048.05355732764
GA,10,10,3,9537.292590722212
GA,10,10,4,5412.531559652165
GA,10,10,5,3226.9434709723173
GA,10,10,6,1499.6765327196308
GA,10,10,7,6278.947545191594
GA,10,10,8,12113.046947306384
GA,10,10,9,5851.124782256922
GA,10,10,10,4640.078589439022
GA,10,10,11,3113.8398898369496
GA,10,10,12,3524.292669434497
GA,10,10,13,7201.266347417899
GA,10,10,14,10132.357933052112
GA,10,10,15,2295.3265373505137
GA,10,10,16,151.94080669727873
GA,10,10,17,7467.002908779019
GA,10,10,18,10157.426103131596
GA,10,10,19,10716.732895860929
GA,10,10,20,4707.819384308407
GA,10,10,21,662.0867050061606
GA,10,10,22,6696.974288942039
GA,10,10,23,11997.322345583645
GA,10,10,24,9377.236983730618
GA,10,10,25,17890.85466648279
GA,10,10,26,9062.741503924175
GA,10,10,27,1383.0247908581096
GA,10,10,28,11775.237313950702
GA,10,10,29,1281.996855617473
GA,10,10,30,2616.544502117473
GA,11,10,1,194968.64351330145
GA,11,10,2,149091.51234055735
GA,11,10,3,85671.33120348127
GA,11,10,4,95476.10747127823
GA,11,10,5,213976.60362112222
GA,11,10,6,25351.78030352206
GA,11,10,7,114742.38953447818
GA,11,10,8,267327.36424383643
GA,11,10,9,141004.96269239497
GA,11,10,10,137908.10293618753
GA,11,10,11,426757.15637919406
GA,11,10,12,332345.37322560087
GA,11,10,13,168022.78304815726
GA,11,10,14,34183.72711731582
GA,11,10,15,46118.3132907376
GA,11,10,16,251028.13998530572
GA,11,10,17,917009.1356681598
GA,11,10,18,82449.33822588541
GA,11,10,19,250810.04715960217
GA,11,10,20,557708.3794171457
GA,11,10,21,168969.13348713593
GA,11,10,22,390623.14834681654
GA,11,10,23,109052.56899779272
GA,11,10,24,106216.09866839556
GA,11,10,25,142356.45496180942
GA,11,10,26,95936.70451370243
GA,11,10,27,45367.810399200614
GA,11,10,28,102310.49647720491
GA,11,10,29,207058.68874666913
GA,11,10,30,27361.35575797678
GA,15,10,1,328.0872738615835
GA,15,10,2,-71.59400695369459
GA,15,10,3,2398.751728923711
GA,15,10,4,553.0684799692117
GA,15,10,5,332.693923102031
GA,15,10,6,623.2926648380103
GA,15,10,7,20.836428933691423
GA,15,10,8,335.7759868274188
GA,15,10,9,738.3677163322391
GA,15,10,10,7822.62773970711
GA,15,10,11,520.5330065963017
GA,15,10,12,1522.9859510791784
GA,15,10,13,13720.271397538552
GA,15,10,14,1486.8868686773258
GA,15,10,15,11177.518368838786
GA,15,10,16,77.92766358663243
GA,15,10,17,45.680819804788825
GA,15,10,18,6655.2480931929185
GA,15,10,19,255.26455334045113
GA,15,10,20,474.2106229087881
GA,15,10,21,73.4031595753031
GA,15,10,22,96.20914582044588
GA,15,10,23,446.9996821989316
GA,15,10,24,81021.37486014368
GA,15,10,25,2032.6475906211194
GA,15,10,26,16832.560109939714
GA,15,10,27,3540.6710854508237
GA,15,10,28,3363.105383436139
GA,15,10,29,143.0649995849417
GA,15,10,30,621.8434719536035
GA,20,10,1,128.02928370455857
GA,20,10,2,182.86580225634498
GA,20,10,3,137.7022865645422
GA,20,10,4,317.08919716498076
GA,20,10,5,271.6366504420721
GA,20,10,6,175.1603363096874
GA,20,10,7,431.5763855768173
GA,20,10,8,152.52324729158363
GA,20,10,9,188.56172078927102
GA,20,10,10,300.2783500876426
GA,20,10,11,150.15596503028246
GA,20,10,12,302.8661207052587
GA,20,10,13,127.2868008076207
GA,20,10,14,138.52087232219537
GA,20,10,15,134.8775184598162
GA,20,10,16,285.9681887524407
GA,20,10,17,239.0980041882599
GA,20,10,18,122.50552658301649
GA,20,10,19,168.37672168522795
GA,20,10,20,131.2038825340578
GA,20,10,21,126.94063584767082
GA,20,10,22,221.54169101060052
GA,20,10,23,152.45985701921472
GA,20,10,24,234.18288948498412
GA,20,10,25,178.16399743086004
GA,20,10,26,257.83741754842686
GA,20,10,27,153.48662104972118
GA,20,10,28,141.59579109119522
GA,20,10,29,249.27330376798636
GA,20,10,30,292.00177825284436
GA,21,10,1,-6.7521421350566015
GA,21,10,2,-2268.145429771817
GA,21,10,3,-1876.1114035601686
GA,21,10,4,-3198.2133240431763
GA,21,10,5,107.1678199253738
GA,21,10,6,-1496.1611577663568
GA,21,10,7,105.4506276605839
GA,21,10,8,109.86976687090737
GA,21,10,9,-2396.0800249641425
GA,21,10,10,-2614.584954502759
GA,21,10,11,-2951.7807574375024
GA,21,10,12,-998.4549277281885
GA,21,10,13,108.45937173309039
GA,21,10,14,-1518.7254533683183
GA,21,10,15,114.21611472256654
GA,21,10,16,-3114.4704546040603
GA,21,10,17,-2813.5216884496717
GA,21,10,18,-3047.998191766942
GA,21,10,19,-1837.973558473172
GA,21,10,20,105.87874182086898
GA,21,10,21,-2667.1086950575354
GA,21,10,22,-945.3230814920641
GA,21,10,23,-2764.8568180622633
GA,21,10,24,-1323.4666746774806
GA,21,10,25,107.2822873291816
GA,21,10,26,111.30741793705374
GA,21,10,27,107.66130636499656
GA,21,10,28,111.24638442318474
GA,21,10,29,108.44652670410005
GA,21,10,30,-1570.7849195853644
GA,25,10,1,449.6834199910395
GA,25,10,2,3.0295619212579368
GA,25,10,3,530.2191728597732
GA,25,10,4,497.9585091677177
GA,25,10,5,448.69168189308493
GA,25,10,6,647.6307284011696
GA,25,10,7,486.17652294536765
GA,25,10,8,494.7531613867427
GA,25,10,9,476.9494160551003
GA,25,10,10,538.7368922887226
GA,25,10,11,467.3609567412036
GA,25,10,12,521.1986539171294
GA,25,10,13,517.6678528996445
GA,25,10,14,461.0241700772481
GA,25,10,15,469.6763856096709
GA,25,10,16,517.253998354407
GA,25,10,17,465.5496186523437
GA,25,10,18,504.1357276462777
GA,25,10,19,531.3053310790074
GA,25,10,20,463.37070714537276
GA,25,10,21,521.6056699043293
GA,25,10,22,484.44318244199394
GA,25,10,23,497.6591150990944
GA,25,10,24,455.77493882284034
GA,25,10,25,502.5912458255225
GA,25,10,26,484.06393033244785
GA,25,10,27,484.0546485540781
GA,25,10,28,418.3157648324559
GA,25,10,29,469.76014284278517
GA,25,10,30,480.2571730344157
GA,29,10,1,
GA,29,10,2,
GA,29,10,3,
GA,29,10,4,
GA,29,10,5,
GA,29,10,6,
GA,29,10,7,
GA,29,10,8,
GA,29,10,9,
GA,29,10,10,
GA,29,10,11,
GA,29,10,12,
GA,29,10,13,
GA,29,10,14,
GA,29,10,15,
GA,29,10,16,
GA,29,10,17,
GA,29,10,18,
GA,29,10,19,
GA,29,10,20,
GA,29,10,21,
GA,29,10,22,
GA,29,10,23,
GA,29,10,24,
GA,29,10,25,
GA,29,10,26,
GA,29,10,27,
GA,29,10,28,
GA,29,10,29,
GA,29,10,30,
DE,1,10,1,39513498.87891985
DE,1,10,2,155646517.01871914
DE,1,10,3,144185764.91648713
DE,1,10,4,89747727.08077715
DE,1,10,5,18742249.12815217
DE,1,10,6,33866232.20533449
DE,1,10,7,39274863.77508145
DE,1,10,8,101011559.85826434
DE,1,10,9,228148883.86415222
DE,1,10,10,16518706.85909958
DE,1,10,11,139743107.38758904
DE,1,10,12,155360310.46486133
DE,1,10,13,79352729.13619688
DE,1,10,14,29305508.063039612
DE,1,10,15,124012231.00417702
DE,1,10,16,390745460.7760374
DE,1,10,17,91550093.30823347
DE,1,10,18,184173536.94167775
DE,1,10,19,60431095.002270505
DE,1,10,20,98554382.72615245
DE,1,10,21,100192326.67890717
DE,1,10,22,50237255.388910815
DE,1,10,23,98012902.83514608
DE,1,10,24,67324883.19344537
DE,1,10,25,69157162.66213833
DE,1,10,26,92179048.385697
DE,1,10,27,106911311.59569827
DE,1,10,28,35743400.52966642
DE,1,10,29,47592531.6425903
DE,1,10,30,56486002.19621971
DE,3,10,1,56.52979004490294
DE,3,10,2,20.193083616310275
DE,3,10,3,83.5788687054523
DE,3,10,4,14.639455011861855
DE,3,10,5,18.124978301912734
DE,3,10,6,46.69510145418542
DE,3,10,7,15.888172339528069
DE,3,10,8,64.07710776987096
DE,3,10,9,13.58967651806421
DE,3,10,10,19.13819457352014
DE,3,10,11,42.05488658150813
DE,3,10,12,17.412542185405528
DE,3,10,13,53.88157712837892
DE,3,10,14,46.08950939053716
DE,3,10,15,34.33394437541858
DE,3,10,16,14.403827070202624
DE,3,10,17,66.99686668304537
DE,3,10,18,30.488502912418426
DE,3,10,19,24.839670490988397
DE,3,10,20,13.503371174555298
DE,3,10,21,21.61174306185177
DE,3,10,22,25.12879731441194
DE,3,10,23,36.33554103201891
DE,3,10,24,26.267998383382007
DE,3,10,25,67.73601904979216
DE,3,10,26,21.828342157814006
DE,3,10,27,49.44739118813027
DE,3,10,28,42.15981399807231
DE,3,10,29,38.97318331061007
DE,3,10,30,23.630931352876587
DE,4,10,1,170.74287353209183
DE,4,10,2,219.5350826804712
DE,4,10,3,306.8365211919229
DE,4,10,4,183.46223867579192
DE,4,10,5,346.9809369308657
DE,4,10,6,178.57174106490754
DE,4,10,7,288.64369313581665
DE,4,10,8,246.7515258047972
DE,4,10,9,199.0346317352704
DE,4,10,10,124.10149608642428
DE,4,10,11,153.3837191361206
DE,4,10,12,151.2823392182488
DE,4,10,13,158.90861079472836
DE,4,10,14,181.44133148964647
DE,4,10,15,116.24793474426974
DE,4,10,16,114.26450398805025
DE,4,10,17,352.93652947140595
DE,4,10,18,149.9302335482381
DE,4,10,19,340.7493474158598
DE,4,10,20,207.03477431323768
DE,4,10,21,169.94913225235678
DE,4,10,22,171.44096321493066
DE,4,10,23,164.02093142833735
DE,4,10,24,138.06863247353192
DE,4,10,25,266.45270457504205
DE,4,10,26,110.19110246731685
DE,4,10,27,207.39802363402293
DE,4,10,28,243.1618514550438
DE,4,10,29,327.2381926155182
DE,4,10,30,162.97786674766326
DE,10,10,1,5865.008360986732
DE,10,10,2,5995.137336913196
DE,10,10,3,1792.6069786488006
DE,10,10,4,845.2223061663033
DE,10,10,5,11173.408459626407
DE,10,10,6,1521.6905145863157
DE,10,10,7,1666.8273878198129
DE,10,10,8,906.6622649057076
DE,10,10,9,4348.491424427805
DE,10,10,10,3227.8242652621248
DE,10,10,11,3064.918870760499
DE,10,10,12,4700.0585496327585
DE,10,10,13,6108.544391973755
DE,10,10,14,1093.0165158458444
DE,10,10,15,652.1272560373952
DE,10,10,16,2803.9415478392116
DE,10,10,17,5536.668071157676
DE,10,10,18,2347.481158831836
DE,10,10,19,839.5256331488936
DE,10,10,20,2133.5597323867423
DE,10,10,21,1314.620632063059
DE,10,10,22,3075.9939775734492
DE,10,10,23,2231.463475846038
DE,10,10,24,1434.095190964661
DE,10,10,25,1237.6073817898136
DE,10,10,26,13615.119631309259
DE,10,10,27,2390.3145399282093
DE,10,10,28,2053.4339575328495
DE,10,10,29,2092.989071771419
DE,10,10,30,1401.673192778595
DE,11,10,1,748822.2589441205
DE,11,10,2,11224177.630398957
DE,11,10,3,1224283.3926663753
DE,11,10,4,1896505.735599962
DE,11,10,5,3999809.48719494
DE,11,10,6,939478.4474198485
DE,11,10,7,1844318.577661868
DE,11,10,8,1837350.382769618
DE,11,10,9,2254880.8222843246
DE,11,10,10,1649767.648010193
DE,11,10,11,785937.5367454954
DE,11,10,12,795420.4064208047
DE,11,10,13,464897.1098503478
DE,11,10,14,4956136.350631115
DE,11,10,15,317698.7186696818
DE,11,10,16,3958594.753523048
DE,11,10,17,1163882.9857927414
DE,11,10,18,5760854.445930677
DE,11,10,19,3724353.63506217
DE,11,10,20,3703201.4836007305
DE,11,10,21,2301200.1326990286
DE,11,10,22,3611723.7503047977
DE,11,10,23,96635.51709319925
DE,11,10,24,10743651.968464505
DE,11,10,25,6738236.222077034
DE,11,10,26,2718823.759195982
DE,11,10,27,2705144.284542449
DE,11,10,28,1936576.6497201521
DE,11,10,29,3743723.3686236506
DE,11,10,30,3488932.075351287
DE,15,10,1,659.1977570701624
DE,15,10,2,265.19406336247994
DE,15,10,3,200.8516487938573
DE,15,10,4,669.5980417553546
DE,15,10,5,657.8481825013969
DE,15,10,6,422.40556421619453
DE,15,10,7,-24.11351730408046
DE,15,10,8,177.63925625232537
DE,15,10,9,285.6145475441772
DE,15,10,10,736.918042808215
DE,15,10,11,1383.067925035295
DE,15,10,12,-8.365444016305446
DE,15,10,13,144.0985345588124
DE,15,10,14,450.95326294116535
DE,15,10,15,31.50486522560277
DE,15,10,16,671.3237952636164
DE,15,10,17,208.96013661585744
DE,15,10,18,249.12831816940115
DE,15,10,19,745.5500740959001
DE,15,10,20,422.6473632192012
DE,15,10,21,13.51045566640687
DE,15,10,22,308.96079783733467
DE,15,10,23,138.12484984852176
DE,15,10,24,327.329054684883
DE,15,10,25,-67.19933463469829
DE,15,10,26,406.6447899897412
DE,15,10,27,1348.5391099696717
DE,15,10,28,123.04564309533771
DE,15,10,29,392.2535504862162
DE,15,10,30,221.34375863935293
DE,20,10,1,410.47917094461354
DE,20,10,2,321.4716205218101
DE,20,10,3,338.7230605388636
DE,20,10,4,579.171148927665
DE,20,10,5,372.1238033455993
DE,20,10,6,486.9992435851168
DE,20,10,7,360.545474398798
DE,20,10,8,261.5177230788572
DE,20,10,9,588.8386625965886
DE,20,10,10,330.3795801458855
DE,20,10,11,204.68515998139537
DE,20,10,12,183.45926404248803
DE,20,10,13,280.4913303152912
DE,20,10,14,817.7451725974461
DE,20,10,15,812.6027702396777
DE,20,10,16,395.37629381421175
DE,20,10,17,264.3699768977108
DE,20,10,18,448.3295663442045
DE,20,10,19,575.5469912930571
DE,20,10,20,187.54122852925457
DE,20,10,21,417.6467649312226
DE,20,10,22,253.90739566921002
DE,20,10,23,668.3897176965729
DE,20,10,24,818.5419840067357
DE,20,10,25,586.3324632371487
DE,20,10,26,365.9320776241816
DE,20,10,27,329.22312124971677
DE,20,10,28,253.8614402148355
DE,20,10,29,275.5446877280856
DE,20,10,30,232.67826620337928
DE,21,10,1,113.31768801507769
DE,21,10,2,113.70212134012536
DE,21,10,3,114.48136776987167
DE,21,10,4,115.65931144350179
DE,21,10,5,110.76872057812898
DE,21,10,6,111.15598234968684
DE,21,10,7,112.20025257910402
DE,21,10,8,111.99754702490964
DE,21,10,9,114.01547024771435
DE,21,10,10,113.22685417343928
DE,21,10,11,111.62831149872545
DE,21,10,12,113.41090395995889
DE,21,10,13,113.12894334793691
DE,21,10,14,112.31022624735533
DE,21,10,15,112.64211505538469
DE,21,10,16,112.0524978228982
DE,21,10,17,113.34572391447819
DE,21,10,18,113.40159200488006
DE,21,10,19,112.94090836743317
DE,21,10,20,110.71693210748708
DE,21,10,21,114.72771902891873
DE,21,10,22,112.3100778211815
DE,21,10,23,111.93183458580143
DE,21,10,24,112.48635421108884
DE,21,10,25,113.06985108796425
DE,21,10,26,110.6942929506099
DE,21,10,27,112.28037953607463
DE,21,10,28,113.05028330511414
DE,21,10,29,112.98352757760767
DE,21,10,30,112.02427166587813
DE,25,10,1,470.6914260909198
DE,25,10,2,454.0425021853325
DE,25,10,3,453.31597103282866
DE,25,10,4,457.8192552133146
DE,25,10,5,448.2767050247485
DE,25,10,6,449.10970795779804
DE,25,10,7,456.6483611308745
DE,25,10,8,448.7141889356508
DE,25,10,9,455.92228517704734
DE,25,10,10,449.8072717208661
DE,25,10,11,453.1399207039103
DE,25,10,12,451.119575873131
DE,25,10,13,458.2905767604848
DE,25,10,14,453.010126077334
DE,25,10,15,452.3855750171342
DE,25,10,16,477.2581900737814
DE,25,10,17,487.08923450983093
DE,25,10,18,504.4312247844932
DE,25,10,19,449.44593792822707
DE,25,10,20,466.1396607155043
DE,25,10,21,450.6279657516552
DE,25,10,22,453.1760192517022
DE,25,10,23,445.4637350486837
DE,25,10,24,451.7818475964077
DE,25,10,25,480.3927886820029
DE,25,10,26,504.19505556252943
DE,25,10,27,451.9723295836757
DE,25,10,28,466.3821370467649
DE,25,10,29,449.31898846072454
DE,25,10,30,445.02256262756873
DE,29,10,1,
DE,29,10,2,
DE,29,10,3,
DE,29,10,4,
DE,29,10,5,
DE,29,10,6,
DE,29,10,7,
DE,29,10,8,
DE,29,10,9,
DE,29,10,10,
DE,29,10,11,
DE,29,10,12,
DE,29,10,13,
DE,29,10,14,
DE,29,10,15,
DE,29,10,16,
DE,29,10,17,
DE,29,10,18,
DE,29,10,19,
DE,29,10,20,
DE,29,10,21,
DE,29,10,22,
DE,29,10,23,
DE,29,10,24,
DE,29,10,25,
DE,29,10,26,
DE,29,10,27,
DE,29,10,28,
DE,29,10,29,
DE,29,10,30,
WOA,1,10,1,39097091.61734382
WOA,1,10,2,11289883.473356882
WOA,1,10,3,25299699.572248824
WOA,1,10,4,2704363.3441604744
WOA,1,10,5,11941928.403608195
WOA,1,10,6,18936003.76270937
WOA,1,10,7,511438571.2136602
WOA,1,10,8,384936677.0006838
WOA,1,10,9,17549967.390160244
WOA,1,10,10,4259213.891093073
WOA,1,10,11,6657599.062654713
WOA,1,10,12,17345908.77315889
WOA,1,10,13,444138009.5972381
WOA,1,10,14,30410290.965963878
WOA,1,10,15,22277789.23536086
WOA,1,10,16,6464376.6886690585
WOA,1,10,17,16466143.036084345
WOA,1,10,18,107634918.9919831
WOA,1,10,19,43835563.83626946
WOA,1,10,20,8327353.590071074
WOA,1,10,21,40930073.520626076
WOA,1,10,22,58521533.95699238
WOA,1,10,23,555949892.5141101
WOA,1,10,24,6016185.171762005
WOA,1,10,25,578224259.7165545
WOA,1,10,26,37071953.42504018
WOA,1,10,27,6440417.822713883
WOA,1,10,28,3968719.5294548697
WOA,1,10,29,2869062.673696491
WOA,1,10,30,477308532.38953906
WOA,3,10,1,41.81704457337372
WOA,3,10,2,21.893812542793967
WOA,3,10,3,81.52819186732467
WOA,3,10,4,37.797908154972504
WOA,3,10,5,28.517471017685864
WOA,3,10,6,38.12260298572426
WOA,3,10,7,52.36233750855001
WOA,3,10,8,18.325354519376447
WOA,3,10,9,74.57088362053253
WOA,3,10,10,46.867539350846016
WOA,3,10,11,18.115422688730177
WOA,3,10,12,27.649425974639826
WOA,3,10,13,6.4632819621339195
WOA,3,10,14,105.64210643720816
WOA,3,10,15,59.54868349626628
WOA,3,10,16,21.491529220357506
WOA,3,10,17,4.07307479465851
WOA,3,10,18,40.321429681408404
WOA,3,10,19,29.643227631423315
WOA,3,10,20,11.80627614252245
WOA,3,10,21,8.869702093146714
WOA,3,10,22,8.73727267555779
WOA,3,10,23,108.70097541001536
WOA,3,10,24,5.958314595162278
WOA,3,10,25,85.97361870835095
WOA,3,10,26,16.579949162061894
WOA,3,10,27,71.2875352724273
WOA,3,10,28,66.17976617625385
WOA,3,10,29,6.985308733684519
WOA,3,10,30,71.39987249543213
WOA,4,10,1,186.38759886800324
WOA,4,10,2,102.28234241302886
WOA,4,10,3,202.47651567868775
WOA,4,10,4,183.12935115474795
WOA,4,10,5,107.40809100880568
WOA,4,10,6,140.29228524055975
WOA,4,10,7,213.18585186176665
WOA,4,10,8,208.67512100713634
WOA,4,10,9,130.13531984331235
WOA,4,10,10,140.8514693743781
WOA,4,10,11,231.04997066361682
WOA,4,10,12,289.0439248936817
WOA,4,10,13,377.78845554064117
WOA,4,10,14,219.86337781857412
WOA,4,10,15,361.80244140688467
WOA,4,10,16,529.6370246976878
WOA,4,10,17,375.38328544851265
WOA,4,10,18,204.98198308245082
WOA,4,10,19,113.77348347918644
WOA,4,10,20,220.96525145033866
WOA,4,10,21,1147.9596782757894
WOA,4,10,22,83.79799723119407
WOA,4,10,23,451.80449137509606
WOA,4,10,24,167.08738601631
WOA,4,10,25,150.06535760755264
WOA,4,10,26,179.12937566892538
WOA,4,10,27,149.88299193180842
WOA,4,10,28,360.3141466073597
WOA,4,10,29,228.16404689067292
WOA,4,10,30,142.91176453096728
WOA,10,10,1,12043.40156054528
WOA,10,10,2,4914.598218384145
WOA,10,10,3,1751.8735158479094
WOA,10,10,4,3997.432311832031
WOA,10,10,5,3859.8440243814402
WOA,10,10,6,1132.3703725560727
WOA,10,10,7,4146.839898504457
WOA,10,10,8,6855.818333520321
WOA,10,10,9,3646.9689862713985
WOA,10,10,10,7762.671329835062
WOA,10,10,11,5899.348496356793
WOA,10,10,12,1732.43126825304
WOA,10,10,13,20097.908247748535
WOA,10,10,14,3825.996265046633
WOA,10,10,15,9226.04883430126
WOA,10,10,16,8906.2565575058
WOA,10,10,17,2432.9043128096127
WOA,10,10,18,3634.465611754107
WOA,10,10,19,12765.527943756471
WOA,10,10,20,13632.603161626672
WOA,10,10,21,1271.3125651570167
WOA,10,10,22,8069.533111501292
WOA,10,10,23,7864.988915922819
WOA,10,10,24,11233.504090069988
WOA,10,10,25,8225.079441636199
WOA,10,10,26,17480.539789763483
WOA,10,10,27,10012.99221060657
WOA,10,10,28,7146.546824677487
WOA,10,10,29,6046.071326068121
WOA,10,10,30,13422.437686705725
WOA,11,10,1,7266232.374525255
WOA,11,10,2,186413.44271606964
WOA,11,10,3,2811137.631975834
WOA,11,10,4,716326.3356020687
WOA,11,10,5,437494.01588044345
WOA,11,10,6,1187647.7899084312
WOA,11,10,7,148374.95761998376
WOA,11,10,8,2813497.734668424
WOA,11,10,9,15292773.97496896
WOA,11,10,10,7347644.572578823
WOA,11,10,11,291487.238053554
WOA,11,10,12,570880.326431315
WOA,11,10,13,29444429.101676103
WOA,11,10,14,307971.6980441603
WOA,11,10,15,29097513.27366038
WOA,11,10,16,4923780.226810338
WOA,11,10,17,2441856.567075761
WOA,11,10,18,6006832.92714317
WOA,11,10,19,10853529.765526716
WOA,11,10,20,1462675.1621519665
WOA,11,10,21,1006027.2598848816
WOA,11,10,22,1892807.369637708
WOA,11,10,23,79252.07865034768
WOA,11,10,24,4046977.2402948663
WOA,11,10,25,3841919.220476746
WOA,11,10,26,268073.1718530869
WOA,11,10,27,628205.0809146853
WOA,11,10,28,11810972.572929863
WOA,11,10,29,18912382.093509197
WOA,11,10,30,1145971.9332098532
WOA,15,10,1,1457.1844903964297
WOA,15,10,2,220.2308542127305
WOA,15,10,3,9128.169221974495
WOA,15,10,4,15765.236850076606
WOA,15,10,5,831.6597085280414
WOA,15,10,6,16077.578477466268
WOA,15,10,7,97.91180707172407
WOA,15,10,8,478.15154932836776
WOA,15,10,9,3017.0587539641174
WOA,15,10,10,1185.5893991272542
WOA,15,10,11,326.7936970563728
WOA,15,10,12,3599.6659107541345
WOA,15,10,13,413.75021640763
WOA,15,10,14,670.3246321392226
WOA,15,10,15,769.661009517311
WOA,15,10,16,590.7235190998372
WOA,15,10,17,5.4727941174332955
WOA,15,10,18,1130.2662090853219
WOA,15,10,19,20815.63930607314
WOA,15,10,20,4280.592415247104
WOA,15,10,21,843.4591179283007
WOA,15,10,22,1661.7490942651266
WOA,15,10,23,530.3172832775906
WOA,15,10,24,854.3903650719394
WOA,15,10,25,910.5604731053595
WOA,15,10,26,638.4492356686515
WOA,15,10,27,903.1322583754104
WOA,15,10,28,1934.5695664960112
WOA,15,10,29,681.7479452377306
WOA,15,10,30,776.9635982971868
WOA,20,10,1,151.92802614436096
WOA,20,10,2,218.94228527035284
WOA,20,10,3,273.2107758276238
WOA,20,10,4,355.40633815898946
WOA,20,10,5,293.71563694167344
WOA,20,10,6,217.2574358677316
WOA,20,10,7,256.2930949431302
WOA,20,10,8,178.899863486939
WOA,20,10,9,246.90117859146085
WOA,20,10,10,421.63075790467246
WOA,20,10,11,274.70863597450625
WOA,20,10,12,228.8604969220396
WOA,20,10,13,218.30660033936238
WOA,20,10,14,296.046867293931
WOA,20,10,15,249.16413191985203
WOA,20,10,16,296.50863661902576
WOA,20,10,17,289.9291474316833
WOA,20,10,18,182.87721496356653
WOA,20,10,19,283.2141632833891
WOA,20,10,20,221.61333295759005
WOA,20,10,21,247.24010723017318
WOA,20,10,22,185.08389006307561
WOA,20,10,23,176.3368096290974
WOA,20,10,24,176.96923627438264
WOA,20,10,25,266.0968698113543
WOA,20,10,26,258.5936779776098
WOA,20,10,27,169.26460846657073
WOA,20,10,28,167.91324816006727
WOA,20,10,29,209.12150923764557
WOA,20,10,30,340.3176149335036
WOA,21,10,1,106.0143740611311
WOA,21,10,2,115.35344479949845
WOA,21,10,3,110.0668681907373
WOA,21,10,4,109.39883468339576
WOA,21,10,5,105.64119446910445
WOA,21,10,6,112.00476896937016
WOA,21,10,7,118.99162221789356
WOA,21,10,8,111.77878592655952
WOA,21,10,9,111.50156574612083
WOA,21,10,10,104.99313256103187
WOA,21,10,11,111.29385913207216
WOA,21,10,12,111.58125868978959
WOA,21,10,13,114.87640107583684
WOA,21,10,14,113.24351342706768
WOA,21,10,15,116.53263497859098
WOA,21,10,16,-417.1022366631928
WOA,21,10,17,-245.27775538822743
WOA,21,10,18,115.93967402379803
WOA,21,10,19,118.20161972756114
WOA,21,10,20,106.05010815655714
WOA,21,10,21,114.25942153773849
WOA,21,10,22,112.30149764773387
WOA,21,10,23,112.41676269493291
WOA,21,10,24,112.51654226083929
WOA,21,10,25,105.1751654516529
WOA,21,10,26,110.90903695668248
WOA,21,10,27,107.11596101227451
WOA,21,10,28,116.56418360812904
WOA,21,10,29,104.8827262239729
WOA,21,10,30,107.86394236737578
WOA,25,10,1,451.1753073599866
WOA,25,10,2,449.5525462361752
WOA,25,10,3,504.9607027929437
WOA,25,10,4,450.30089126769644
WOA,25,10,5,475.24925076274576
WOA,25,10,6,453.4323639616223
WOA,25,10,7,434.3481630874503
WOA,25,10,8,490.88169053044976
WOA,25,10,9,488.3952249467429
WOA,25,10,10,466.35508033079304
WOA,25,10,11,502.2299562113167
WOA,25,10,12,2.81318997735616
WOA,25,10,13,474.0846473489446
WOA,25,10,14,458.36053972722357
WOA,25,10,15,460.0216581980412
WOA,25,10,16,455.9851800067672
WOA,25,10,17,483.2758693405108
WOA,25,10,18,455.2250964519876
WOA,25,10,19,478.9662216908041
WOA,25,10,20,465.83067781353384
WOA,25,10,21,451.5863836857902
WOA,25,10,22,450.7462883741382
WOA,25,10,23,459.3440903728206
WOA,25,10,24,453.2517713590373
WOA,25,10,25,466.068017901795
WOA,25,10,26,476.3458440082604
WOA,25,10,27,537.749627274542
WOA,25,10,28,488.99390584705634
WOA,25,10,29,451.9185816826962
WOA,25,10,30,504.8456480151058
WOA,29,10,1,
WOA,29,10,2,
WOA,29,10,3,
WOA,29,10,4,
WOA,29,10,5,
WOA,29,10,6,
WOA,29,10,7,
WOA,29,10,8,
WOA,29,10,9,
WOA,29,10,10,
WOA,29,10,11,
WOA,29,10,12,
WOA,29,10,13,
WOA,29,10,14,
WOA,29,10,15,
WOA,29,10,16,
WOA,29,10,17,
WOA,29,10,18,
WOA,29,10,19,
WOA,29,10,20,
WOA,29,10,21,
WOA,29,10,22,
WOA,29,10,23,
WOA,29,10,24,
WOA,29,10,25,
WOA,29,10,26,
WOA,29,10,27,
WOA,29,10,28,
WOA,29,10,29,
WOA,29,10,30,
